{
"lengthUnit": "mil",
"components": {
	"fields": ["COMPONENT_NO", "COMPONENT_NAME", "LAYER", "X_COORDINATE", "Y_COORDINATE", "ANGLE"],
	"rows": [
		[1, "C1", "B", 1465, -1120, 0],
		[2, "C2", "B", 1215, -1098.64, 180],
		[3, "C3", "B", 2595, -1120, 0],
		[4, "C4", "B", 2340, -1100, 180],
		[5, "C5", "B", 3770, -1125, 0],
		[6, "C6", "B", 3515, -1100, 180],
		[7, "C7", "B", 4930, -1120, 0],
		[8, "C8", "B", 4670, -1100, 180],
		[9, "C9", "B", 2860, -765, 0],
		[10, "D1", "T", 1140, -820, 0],
		[11, "D2", "T", 2285, -820, 0],
		[12, "D3", "T", 3430, -820, 0],
		[13, "D4", "T", 4575, -820, 0],
		[14, "H1", "B", 2855, -1655, 180],
		[15, "R1", "B", 805, -230, 0],
		[16, "R2", "B", 805, -387.48, 0],
		[17, "R3", "B", 805, -544.96, 0],
		[18, "R4", "B", 805, -702.44, 0],
		[19, "R5", "B", 805, -859.92, 0],
		[20, "R6", "B", 805, -1017.4, 0],
		[21, "R7", "B", 805, -1174.88, 0],
		[22, "R8", "B", 805, -1332.36, 0],
		[23, "R9", "B", 1940, -230, 180],
		[24, "R10", "B", 1940, -385, 0],
		[25, "R11", "B", 1940, -540, 0],
		[26, "R12", "B", 1940, -700, 0],
		[27, "R13", "B", 1940, -860, 0],
		[28, "R14", "B", 1940, -1015, 0],
		[29, "R15", "B", 1935, -1170, 0],
		[30, "R16", "B", 1940, -1330, 0],
		[31, "R17", "B", 3120, -230, 0],
		[32, "R18", "B", 3120, -385, 0],
		[33, "R19", "B", 3120, -540, 0],
		[34, "R20", "B", 3120, -700, 0],
		[35, "R21", "B", 3120, -860, 0],
		[36, "R22", "B", 3120, -1015, 0],
		[37, "R23", "B", 3120, -1170, 0],
		[38, "R24", "B", 3120, -1330, 0],
		[39, "R25", "B", 4255, -230, 0],
		[40, "R26", "B", 4255, -385, 0],
		[41, "R27", "B", 4255, -540, 0],
		[42, "R28", "B", 4255, -700, 0],
		[43, "R29", "B", 4255, -860, 0],
		[44, "R30", "B", 4255, -1015, 0],
		[45, "R31", "B", 4255, -1170, 0],
		[46, "R32", "B", 4255, -1330, 0],
		[47, "R33", "B", 1320, -415, 0],
		[48, "R34", "B", 2450, -415, 0],
		[49, "R35", "B", 3635, -415, 180],
		[50, "R36", "B", 4770, -415, 0],
		[51, "U1", "B", 1310, -745, 90],
		[52, "U2", "B", 2440, -745, 90],
		[53, "U3", "B", 3625, -745, 90],
		[54, "U4", "B", 4760, -745, 90]
	]
},
"pins": {
	"fields": ["PIN_NO", "PIN_NAME", "PIN_X", "PIN_Y", "LAYER", "PIN_TYPE", "NET_NAME", "NET_TYPE", "PAD_SHAPE", "PAD_SIZEX", "PAD_SIZEY", "HOLE_SIZE", "PAD_ANGLE"],
	"rows": [
		[1, "C1_1", 1402.3, -1120, "B", "SMD", "$1N56731", "", "R", 58.47, 68.03, 0, 0],
		[2, "C1_2", 1527.7, -1120, "B", "SMD", "GND", "GND", "R", 58.47, 68.03, 0, 0],
		[3, "C2_1", 1236.46, -1098.64, "B", "SMD", "$1N56731", "", "R", 31.11, 21.26, 0, 180],
		[4, "C2_2", 1193.54, -1098.64, "B", "SMD", "GND", "GND", "R", 31.11, 21.26, 0, 180],
		[5, "C3_1", 2532.3, -1120, "B", "SMD", "$1N56731", "", "R", 58.47, 68.03, 0, 0],
		[6, "C3_2", 2657.7, -1120, "B", "SMD", "GND", "GND", "R", 58.47, 68.03, 0, 0],
		[7, "C4_1", 2361.46, -1100, "B", "SMD", "$1N56731", "", "R", 31.11, 21.26, 0, 180],
		[8, "C4_2", 2318.54, -1100, "B", "SMD", "GND", "GND", "R", 31.11, 21.26, 0, 180],
		[9, "C5_1", 3707.3, -1125, "B", "SMD", "$1N56731", "", "R", 58.47, 68.03, 0, 0],
		[10, "C5_2", 3832.7, -1125, "B", "SMD", "GND", "GND", "R", 58.47, 68.03, 0, 0],
		[11, "C6_1", 3536.46, -1100, "B", "SMD", "$1N56731", "", "R", 31.11, 21.26, 0, 180],
		[12, "C6_2", 3493.54, -1100, "B", "SMD", "GND", "GND", "R", 31.11, 21.26, 0, 180],
		[13, "C7_1", 4867.3, -1120, "B", "SMD", "$1N56731", "", "R", 58.47, 68.03, 0, 0],
		[14, "C7_2", 4992.7, -1120, "B", "SMD", "GND", "GND", "R", 58.47, 68.03, 0, 0],
		[15, "C8_1", 4691.46, -1100, "B", "SMD", "$1N56731", "", "R", 31.11, 21.26, 0, 180],
		[16, "C8_2", 4648.54, -1100, "B", "SMD", "GND", "GND", "R", 31.11, 21.26, 0, 180],
		[17, "C9_1", 2934.75, -765, "B", "SMD", "$1N56731", "", "R", 74.8, 93.54, 0, 0],
		[18, "C9_2", 2785.25, -765, "B", "SMD", "GND", "GND", "R", 74.8, 93.54, 0, 0],
		[19, "D1_1", 940, -1500, "T", "DIP", "VCC", "", "C", 60, 60, 36, 0],
		[20, "D1_1", 940, -1500, "B", "DIP", "VCC", "", "C", 60, 60, 36, 0],
		[21, "D1_2", 1040, -1500, "T", "DIP", "$1N41338", "", "C", 60, 60, 36, 0],
		[22, "D1_2", 1040, -1500, "B", "DIP", "$1N41338", "", "C", 60, 60, 36, 0],
		[23, "D1_3", 1140, -1500, "T", "DIP", "$1N41428", "", "C", 60, 60, 36, 0],
		[24, "D1_3", 1140, -1500, "B", "DIP", "$1N41428", "", "C", 60, 60, 36, 0],
		[25, "D1_4", 1240, -1500, "T", "DIP", "$1N41427", "", "C", 60, 60, 36, 0],
		[26, "D1_4", 1240, -1500, "B", "DIP", "$1N41427", "", "C", 60, 60, 36, 0],
		[27, "D1_5", 1340, -1500, "T", "DIP", "VCC", "", "C", 60, 60, 36, 0],
		[28, "D1_5", 1340, -1500, "B", "DIP", "VCC", "", "C", 60, 60, 36, 0],
		[29, "D1_6", 1340, -145, "T", "DIP", "$1N40652", "", "C", 60, 60, 36, 0],
		[30, "D1_6", 1340, -145, "B", "DIP", "$1N40652", "", "C", 60, 60, 36, 0],
		[31, "D1_7", 1240, -145, "T", "DIP", "$1N40619", "", "C", 60, 60, 36, 0],
		[32, "D1_7", 1240, -145, "B", "DIP", "$1N40619", "", "C", 60, 60, 36, 0],
		[33, "D1_8", 1140, -145, "T", "DIP", "$1N41044", "", "C", 60, 60, 36, 0],
		[34, "D1_8", 1140, -145, "B", "DIP", "$1N41044", "", "C", 60, 60, 36, 0],
		[35, "D1_9", 1040, -145, "T", "DIP", "$1N40781", "", "C", 60, 60, 36, 0],
		[36, "D1_9", 1040, -145, "B", "DIP", "$1N40781", "", "C", 60, 60, 36, 0],
		[37, "D1_10", 940, -145, "T", "DIP", "$1N41012", "", "C", 60, 60, 36, 0],
		[38, "D1_10", 940, -145, "B", "DIP", "$1N41012", "", "C", 60, 60, 36, 0],
		[39, "D2_1", 2085, -1500, "T", "DIP", "VCC", "", "C", 60, 60, 36, 0],
		[40, "D2_1", 2085, -1500, "B", "DIP", "VCC", "", "C", 60, 60, 36, 0],
		[41, "D2_2", 2185, -1500, "T", "DIP", "$1N45609", "", "C", 60, 60, 36, 0],
		[42, "D2_2", 2185, -1500, "B", "DIP", "$1N45609", "", "C", 60, 60, 36, 0],
		[43, "D2_3", 2285, -1500, "T", "DIP", "$1N45607", "", "C", 60, 60, 36, 0],
		[44, "D2_3", 2285, -1500, "B", "DIP", "$1N45607", "", "C", 60, 60, 36, 0],
		[45, "D2_4", 2385, -1500, "T", "DIP", "$1N45606", "", "C", 60, 60, 36, 0],
		[46, "D2_4", 2385, -1500, "B", "DIP", "$1N45606", "", "C", 60, 60, 36, 0],
		[47, "D2_5", 2485, -1500, "T", "DIP", "VCC", "", "C", 60, 60, 36, 0],
		[48, "D2_5", 2485, -1500, "B", "DIP", "VCC", "", "C", 60, 60, 36, 0],
		[49, "D2_6", 2485, -145, "T", "DIP", "$1N45602", "", "C", 60, 60, 36, 0],
		[50, "D2_6", 2485, -145, "B", "DIP", "$1N45602", "", "C", 60, 60, 36, 0],
		[51, "D2_7", 2385, -145, "T", "DIP", "$1N45601", "", "C", 60, 60, 36, 0],
		[52, "D2_7", 2385, -145, "B", "DIP", "$1N45601", "", "C", 60, 60, 36, 0],
		[53, "D2_8", 2285, -145, "T", "DIP", "$1N45605", "", "C", 60, 60, 36, 0],
		[54, "D2_8", 2285, -145, "B", "DIP", "$1N45605", "", "C", 60, 60, 36, 0],
		[55, "D2_9", 2185, -145, "T", "DIP", "$1N45603", "", "C", 60, 60, 36, 0],
		[56, "D2_9", 2185, -145, "B", "DIP", "$1N45603", "", "C", 60, 60, 36, 0],
		[57, "D2_10", 2085, -145, "T", "DIP", "$1N45604", "", "C", 60, 60, 36, 0],
		[58, "D2_10", 2085, -145, "B", "DIP", "$1N45604", "", "C", 60, 60, 36, 0],
		[59, "D3_1", 3230, -1500, "T", "DIP", "VCC", "", "C", 60, 60, 36, 0],
		[60, "D3_1", 3230, -1500, "B", "DIP", "VCC", "", "C", 60, 60, 36, 0],
		[61, "D3_2", 3330, -1500, "T", "DIP", "$1N46590", "", "C", 60, 60, 36, 0],
		[62, "D3_2", 3330, -1500, "B", "DIP", "$1N46590", "", "C", 60, 60, 36, 0],
		[63, "D3_3", 3430, -1500, "T", "DIP", "$1N46588", "", "C", 60, 60, 36, 0],
		[64, "D3_3", 3430, -1500, "B", "DIP", "$1N46588", "", "C", 60, 60, 36, 0],
		[65, "D3_4", 3530, -1500, "T", "DIP", "$1N46587", "", "C", 60, 60, 36, 0],
		[66, "D3_4", 3530, -1500, "B", "DIP", "$1N46587", "", "C", 60, 60, 36, 0],
		[67, "D3_5", 3630, -1500, "T", "DIP", "VCC", "", "C", 60, 60, 36, 0],
		[68, "D3_5", 3630, -1500, "B", "DIP", "VCC", "", "C", 60, 60, 36, 0],
		[69, "D3_6", 3630, -145, "T", "DIP", "$1N46583", "", "C", 60, 60, 36, 0],
		[70, "D3_6", 3630, -145, "B", "DIP", "$1N46583", "", "C", 60, 60, 36, 0],
		[71, "D3_7", 3530, -145, "T", "DIP", "$1N46582", "", "C", 60, 60, 36, 0],
		[72, "D3_7", 3530, -145, "B", "DIP", "$1N46582", "", "C", 60, 60, 36, 0],
		[73, "D3_8", 3430, -145, "T", "DIP", "$1N46586", "", "C", 60, 60, 36, 0],
		[74, "D3_8", 3430, -145, "B", "DIP", "$1N46586", "", "C", 60, 60, 36, 0],
		[75, "D3_9", 3330, -145, "T", "DIP", "$1N46584", "", "C", 60, 60, 36, 0],
		[76, "D3_9", 3330, -145, "B", "DIP", "$1N46584", "", "C", 60, 60, 36, 0],
		[77, "D3_10", 3230, -145, "T", "DIP", "$1N46585", "", "C", 60, 60, 36, 0],
		[78, "D3_10", 3230, -145, "B", "DIP", "$1N46585", "", "C", 60, 60, 36, 0],
		[79, "D4_1", 4375, -1500, "T", "DIP", "VCC", "", "C", 60, 60, 36, 0],
		[80, "D4_1", 4375, -1500, "B", "DIP", "VCC", "", "C", 60, 60, 36, 0],
		[81, "D4_2", 4475, -1500, "T", "DIP", "$1N47575", "", "C", 60, 60, 36, 0],
		[82, "D4_2", 4475, -1500, "B", "DIP", "$1N47575", "", "C", 60, 60, 36, 0],
		[83, "D4_3", 4575, -1500, "T", "DIP", "$1N47573", "", "C", 60, 60, 36, 0],
		[84, "D4_3", 4575, -1500, "B", "DIP", "$1N47573", "", "C", 60, 60, 36, 0],
		[85, "D4_4", 4675, -1500, "T", "DIP", "$1N47572", "", "C", 60, 60, 36, 0],
		[86, "D4_4", 4675, -1500, "B", "DIP", "$1N47572", "", "C", 60, 60, 36, 0],
		[87, "D4_5", 4775, -1500, "T", "DIP", "VCC", "", "C", 60, 60, 36, 0],
		[88, "D4_5", 4775, -1500, "B", "DIP", "VCC", "", "C", 60, 60, 36, 0],
		[89, "D4_6", 4775, -145, "T", "DIP", "$1N47568", "", "C", 60, 60, 36, 0],
		[90, "D4_6", 4775, -145, "B", "DIP", "$1N47568", "", "C", 60, 60, 36, 0],
		[91, "D4_7", 4675, -145, "T", "DIP", "$1N47567", "", "C", 60, 60, 36, 0],
		[92, "D4_7", 4675, -145, "B", "DIP", "$1N47567", "", "C", 60, 60, 36, 0],
		[93, "D4_8", 4575, -145, "T", "DIP", "$1N47571", "", "C", 60, 60, 36, 0],
		[94, "D4_8", 4575, -145, "B", "DIP", "$1N47571", "", "C", 60, 60, 36, 0],
		[95, "D4_9", 4475, -145, "T", "DIP", "$1N47569", "", "C", 60, 60, 36, 0],
		[96, "D4_9", 4475, -145, "B", "DIP", "$1N47569", "", "C", 60, 60, 36, 0],
		[97, "D4_10", 4375, -145, "T", "DIP", "$1N47570", "", "C", 60, 60, 36, 0],
		[98, "D4_10", 4375, -145, "B", "DIP", "$1N47570", "", "C", 60, 60, 36, 0],
		[99, "H1_1", 3105, -1655, "T", "DIP", "$1N56731", "", "R", 70.9, 70.9, 47.2, 180],
		[100, "H1_1", 3105, -1655, "B", "DIP", "$1N56731", "", "R", 70.9, 70.9, 47.2, 180],
		[101, "H1_2", 3005, -1655, "T", "DIP", "GND", "GND", "C", 70.9, 70.9, 47.2, 180],
		[102, "H1_2", 3005, -1655, "B", "DIP", "GND", "GND", "C", 70.9, 70.9, 47.2, 180],
		[103, "H1_3", 2905, -1655, "T", "DIP", "$1N2304", "", "C", 70.9, 70.9, 47.2, 180],
		[104, "H1_3", 2905, -1655, "B", "DIP", "$1N2304", "", "C", 70.9, 70.9, 47.2, 180],
		[105, "H1_4", 2805, -1655, "T", "DIP", "$1N2302", "", "C", 70.9, 70.9, 47.2, 180],
		[106, "H1_4", 2805, -1655, "B", "DIP", "$1N2302", "", "C", 70.9, 70.9, 47.2, 180],
		[107, "H1_5", 2705, -1655, "T", "DIP", "$1N2303", "", "C", 70.9, 70.9, 47.2, 180],
		[108, "H1_5", 2705, -1655, "B", "DIP", "$1N2303", "", "C", 70.9, 70.9, 47.2, 180],
		[109, "H1_6", 2605, -1655, "T", "DIP", "$1N2305", "", "C", 70.9, 70.9, 47.2, 180],
		[110, "H1_6", 2605, -1655, "B", "DIP", "$1N2305", "", "C", 70.9, 70.9, 47.2, 180],
		[111, "R1_1", 765.63, -230, "B", "SMD", "$1N41044", "", "R", 44.59, 54.21, 0, 0],
		[112, "R1_2", 844.37, -230, "B", "SMD", "$1N6506", "", "R", 44.59, 54.21, 0, 0],
		[113, "R2_1", 765.63, -387.48, "B", "SMD", "$1N41012", "", "R", 44.59, 54.21, 0, 0],
		[114, "R2_2", 844.37, -387.48, "B", "SMD", "$1N6486", "", "R", 44.59, 54.21, 0, 0],
		[115, "R3_1", 765.63, -544.96, "B", "SMD", "$1N40781", "", "R", 44.59, 54.21, 0, 0],
		[116, "R3_2", 844.37, -544.96, "B", "SMD", "$1N6089", "", "R", 44.59, 54.21, 0, 0],
		[117, "R4_1", 765.63, -702.44, "B", "SMD", "$1N41338", "", "R", 44.59, 54.21, 0, 0],
		[118, "R4_2", 844.37, -702.44, "B", "SMD", "$1N6264", "", "R", 44.59, 54.21, 0, 0],
		[119, "R5_1", 765.63, -859.92, "B", "SMD", "$1N41428", "", "R", 44.59, 54.21, 0, 0],
		[120, "R5_2", 844.37, -859.92, "B", "SMD", "$1N6177", "", "R", 44.59, 54.21, 0, 0],
		[121, "R6_1", 765.63, -1017.4, "B", "SMD", "$1N41427", "", "R", 44.59, 54.21, 0, 0],
		[122, "R6_2", 844.37, -1017.4, "B", "SMD", "$1N6122", "", "R", 44.59, 54.21, 0, 0],
		[123, "R7_1", 765.63, -1174.88, "B", "SMD", "$1N40652", "", "R", 44.59, 54.21, 0, 0],
		[124, "R7_2", 844.37, -1174.88, "B", "SMD", "$1N6011", "", "R", 44.59, 54.21, 0, 0],
		[125, "R8_1", 765.63, -1332.36, "B", "SMD", "$1N40619", "", "R", 44.59, 54.21, 0, 0],
		[126, "R8_2", 844.37, -1332.36, "B", "SMD", "$1N2299", "", "R", 44.59, 54.21, 0, 0],
		[127, "R9_1", 1979.37, -230, "B", "SMD", "$1N45605", "", "R", 44.59, 54.21, 0, 180],
		[128, "R9_2", 1900.63, -230, "B", "SMD", "$1N45593", "", "R", 44.59, 54.21, 0, 180],
		[129, "R10_1", 1900.63, -385, "B", "SMD", "$1N45604", "", "R", 44.59, 54.21, 0, 0],
		[130, "R10_2", 1979.37, -385, "B", "SMD", "$1N45597", "", "R", 44.59, 54.21, 0, 0],
		[131, "R11_1", 1900.63, -540, "B", "SMD", "$1N45603", "", "R", 44.59, 54.21, 0, 0],
		[132, "R11_2", 1979.37, -540, "B", "SMD", "$1N45599", "", "R", 44.59, 54.21, 0, 0],
		[133, "R12_1", 1900.63, -700, "B", "SMD", "$1N45609", "", "R", 44.59, 54.21, 0, 0],
		[134, "R12_2", 1979.37, -700, "B", "SMD", "$1N45594", "", "R", 44.59, 54.21, 0, 0],
		[135, "R13_1", 1900.63, -860, "B", "SMD", "$1N45607", "", "R", 44.59, 54.21, 0, 0],
		[136, "R13_2", 1979.37, -860, "B", "SMD", "$1N45598", "", "R", 44.59, 54.21, 0, 0],
		[137, "R14_1", 1900.63, -1015, "B", "SMD", "$1N45606", "", "R", 44.59, 54.21, 0, 0],
		[138, "R14_2", 1979.37, -1015, "B", "SMD", "$1N45595", "", "R", 44.59, 54.21, 0, 0],
		[139, "R15_1", 1895.63, -1170, "B", "SMD", "$1N45602", "", "R", 44.59, 54.21, 0, 0],
		[140, "R15_2", 1974.37, -1170, "B", "SMD", "$1N45596", "", "R", 44.59, 54.21, 0, 0],
		[141, "R16_1", 1900.63, -1330, "B", "SMD", "$1N45601", "", "R", 44.59, 54.21, 0, 0],
		[142, "R16_2", 1979.37, -1330, "B", "SMD", "$1N45600", "", "R", 44.59, 54.21, 0, 0],
		[143, "R17_1", 3080.63, -230, "B", "SMD", "$1N46586", "", "R", 44.59, 54.21, 0, 0],
		[144, "R17_2", 3159.37, -230, "B", "SMD", "$1N46574", "", "R", 44.59, 54.21, 0, 0],
		[145, "R18_1", 3080.63, -385, "B", "SMD", "$1N46585", "", "R", 44.59, 54.21, 0, 0],
		[146, "R18_2", 3159.37, -385, "B", "SMD", "$1N46578", "", "R", 44.59, 54.21, 0, 0],
		[147, "R19_1", 3080.63, -540, "B", "SMD", "$1N46584", "", "R", 44.59, 54.21, 0, 0],
		[148, "R19_2", 3159.37, -540, "B", "SMD", "$1N46580", "", "R", 44.59, 54.21, 0, 0],
		[149, "R20_1", 3080.63, -700, "B", "SMD", "$1N46590", "", "R", 44.59, 54.21, 0, 0],
		[150, "R20_2", 3159.37, -700, "B", "SMD", "$1N46575", "", "R", 44.59, 54.21, 0, 0],
		[151, "R21_1", 3080.63, -860, "B", "SMD", "$1N46588", "", "R", 44.59, 54.21, 0, 0],
		[152, "R21_2", 3159.37, -860, "B", "SMD", "$1N46579", "", "R", 44.59, 54.21, 0, 0],
		[153, "R22_1", 3080.63, -1015, "B", "SMD", "$1N46587", "", "R", 44.59, 54.21, 0, 0],
		[154, "R22_2", 3159.37, -1015, "B", "SMD", "$1N46576", "", "R", 44.59, 54.21, 0, 0],
		[155, "R23_1", 3080.63, -1170, "B", "SMD", "$1N46583", "", "R", 44.59, 54.21, 0, 0],
		[156, "R23_2", 3159.37, -1170, "B", "SMD", "$1N46577", "", "R", 44.59, 54.21, 0, 0],
		[157, "R24_1", 3080.63, -1330, "B", "SMD", "$1N46582", "", "R", 44.59, 54.21, 0, 0],
		[158, "R24_2", 3159.37, -1330, "B", "SMD", "$1N46581", "", "R", 44.59, 54.21, 0, 0],
		[159, "R25_1", 4215.63, -230, "B", "SMD", "$1N47571", "", "R", 44.59, 54.21, 0, 0],
		[160, "R25_2", 4294.37, -230, "B", "SMD", "$1N47559", "", "R", 44.59, 54.21, 0, 0],
		[161, "R26_1", 4215.63, -385, "B", "SMD", "$1N47570", "", "R", 44.59, 54.21, 0, 0],
		[162, "R26_2", 4294.37, -385, "B", "SMD", "$1N47563", "", "R", 44.59, 54.21, 0, 0],
		[163, "R27_1", 4215.63, -540, "B", "SMD", "$1N47569", "", "R", 44.59, 54.21, 0, 0],
		[164, "R27_2", 4294.37, -540, "B", "SMD", "$1N47565", "", "R", 44.59, 54.21, 0, 0],
		[165, "R28_1", 4215.63, -700, "B", "SMD", "$1N47575", "", "R", 44.59, 54.21, 0, 0],
		[166, "R28_2", 4294.37, -700, "B", "SMD", "$1N47560", "", "R", 44.59, 54.21, 0, 0],
		[167, "R29_1", 4215.63, -860, "B", "SMD", "$1N47573", "", "R", 44.59, 54.21, 0, 0],
		[168, "R29_2", 4294.37, -860, "B", "SMD", "$1N47564", "", "R", 44.59, 54.21, 0, 0],
		[169, "R30_1", 4215.63, -1015, "B", "SMD", "$1N47572", "", "R", 44.59, 54.21, 0, 0],
		[170, "R30_2", 4294.37, -1015, "B", "SMD", "$1N47561", "", "R", 44.59, 54.21, 0, 0],
		[171, "R31_1", 4215.63, -1170, "B", "SMD", "$1N47568", "", "R", 44.59, 54.21, 0, 0],
		[172, "R31_2", 4294.37, -1170, "B", "SMD", "$1N47562", "", "R", 44.59, 54.21, 0, 0],
		[173, "R32_1", 4215.63, -1330, "B", "SMD", "$1N47567", "", "R", 44.59, 54.21, 0, 0],
		[174, "R32_2", 4294.37, -1330, "B", "SMD", "$1N47566", "", "R", 44.59, 54.21, 0, 0],
		[175, "R33_1", 1280.63, -415, "B", "SMD", "$1N2301", "", "R", 44.59, 54.21, 0, 0],
		[176, "R33_2", 1359.37, -415, "B", "SMD", "VCC", "", "R", 44.59, 54.21, 0, 0],
		[177, "R34_1", 2410.63, -415, "B", "SMD", "$1N52982", "", "R", 44.59, 54.21, 0, 0],
		[178, "R34_2", 2489.37, -415, "B", "SMD", "VCC", "", "R", 44.59, 54.21, 0, 0],
		[179, "R35_1", 3674.37, -415, "B", "SMD", "$1N57025", "", "R", 44.59, 54.21, 0, 180],
		[180, "R35_2", 3595.63, -415, "B", "SMD", "VCC", "", "R", 44.59, 54.21, 0, 180],
		[181, "R36_1", 4730.63, -415, "B", "SMD", "$1N53020", "", "R", 44.59, 54.21, 0, 0],
		[182, "R36_2", 4809.37, -415, "B", "SMD", "VCC", "", "R", 44.59, 54.21, 0, 0],
		[183, "U1_1", 1202.3, -920, "B", "SMD", "$1N6011", "", "O", 23.7, 77.6, 0, 90],
		[184, "U1_2", 1202.3, -870, "B", "SMD", "$1N6122", "", "O", 23.7, 77.6, 0, 90],
		[185, "U1_3", 1202.3, -820, "B", "SMD", "$1N6177", "", "O", 23.7, 77.6, 0, 90],
		[186, "U1_4", 1202.3, -770, "B", "SMD", "$1N6264", "", "O", 23.7, 77.6, 0, 90],
		[187, "U1_5", 1202.3, -720, "B", "SMD", "$1N6089", "", "O", 23.7, 77.6, 0, 90],
		[188, "U1_6", 1202.3, -670, "B", "SMD", "$1N6486", "", "O", 23.7, 77.6, 0, 90],
		[189, "U1_7", 1202.3, -620, "B", "SMD", "$1N6506", "", "O", 23.7, 77.6, 0, 90],
		[190, "U1_8", 1202.3, -570, "B", "SMD", "GND", "GND", "O", 23.7, 77.6, 0, 90],
		[191, "U1_9", 1417.7, -570, "B", "SMD", "$1N2297", "", "O", 23.7, 77.6, 0, 90],
		[192, "U1_10", 1417.7, -620, "B", "SMD", "$1N2301", "", "O", 23.7, 77.6, 0, 90],
		[193, "U1_11", 1417.7, -670, "B", "SMD", "$1N2305", "", "O", 23.7, 77.6, 0, 90],
		[194, "U1_12", 1417.7, -720, "B", "SMD", "$1N2303", "", "O", 23.7, 77.6, 0, 90],
		[195, "U1_13", 1417.7, -770, "B", "SMD", "$1N2302", "", "O", 23.7, 77.6, 0, 90],
		[196, "U1_14", 1417.7, -820, "B", "SMD", "$1N2304", "", "O", 23.7, 77.6, 0, 90],
		[197, "U1_15", 1417.7, -870, "B", "SMD", "$1N2299", "", "O", 23.7, 77.6, 0, 90],
		[198, "U1_16", 1417.7, -920, "B", "SMD", "$1N56731", "", "O", 23.7, 77.6, 0, 90],
		[199, "U2_1", 2332.3, -920, "B", "SMD", "$1N45596", "", "O", 23.7, 77.6, 0, 90],
		[200, "U2_2", 2332.3, -870, "B", "SMD", "$1N45595", "", "O", 23.7, 77.6, 0, 90],
		[201, "U2_3", 2332.3, -820, "B", "SMD", "$1N45598", "", "O", 23.7, 77.6, 0, 90],
		[202, "U2_4", 2332.3, -770, "B", "SMD", "$1N45594", "", "O", 23.7, 77.6, 0, 90],
		[203, "U2_5", 2332.3, -720, "B", "SMD", "$1N45599", "", "O", 23.7, 77.6, 0, 90],
		[204, "U2_6", 2332.3, -670, "B", "SMD", "$1N45597", "", "O", 23.7, 77.6, 0, 90],
		[205, "U2_7", 2332.3, -620, "B", "SMD", "$1N45593", "", "O", 23.7, 77.6, 0, 90],
		[206, "U2_8", 2332.3, -570, "B", "SMD", "GND", "GND", "O", 23.7, 77.6, 0, 90],
		[207, "U2_9", 2547.7, -570, "B", "SMD", "$1N47985", "", "O", 23.7, 77.6, 0, 90],
		[208, "U2_10", 2547.7, -620, "B", "SMD", "$1N52982", "", "O", 23.7, 77.6, 0, 90],
		[209, "U2_11", 2547.7, -670, "B", "SMD", "$1N2305", "", "O", 23.7, 77.6, 0, 90],
		[210, "U2_12", 2547.7, -720, "B", "SMD", "$1N2303", "", "O", 23.7, 77.6, 0, 90],
		[211, "U2_13", 2547.7, -770, "B", "SMD", "$1N2302", "", "O", 23.7, 77.6, 0, 90],
		[212, "U2_14", 2547.7, -820, "B", "SMD", "$1N2297", "", "O", 23.7, 77.6, 0, 90],
		[213, "U2_15", 2547.7, -870, "B", "SMD", "$1N45600", "", "O", 23.7, 77.6, 0, 90],
		[214, "U2_16", 2547.7, -920, "B", "SMD", "$1N56731", "", "O", 23.7, 77.6, 0, 90],
		[215, "U3_1", 3517.3, -920, "B", "SMD", "$1N46577", "", "O", 23.7, 77.6, 0, 90],
		[216, "U3_2", 3517.3, -870, "B", "SMD", "$1N46576", "", "O", 23.7, 77.6, 0, 90],
		[217, "U3_3", 3517.3, -820, "B", "SMD", "$1N46579", "", "O", 23.7, 77.6, 0, 90],
		[218, "U3_4", 3517.3, -770, "B", "SMD", "$1N46575", "", "O", 23.7, 77.6, 0, 90],
		[219, "U3_5", 3517.3, -720, "B", "SMD", "$1N46580", "", "O", 23.7, 77.6, 0, 90],
		[220, "U3_6", 3517.3, -670, "B", "SMD", "$1N46578", "", "O", 23.7, 77.6, 0, 90],
		[221, "U3_7", 3517.3, -620, "B", "SMD", "$1N46574", "", "O", 23.7, 77.6, 0, 90],
		[222, "U3_8", 3517.3, -570, "B", "SMD", "GND", "GND", "O", 23.7, 77.6, 0, 90],
		[223, "U3_9", 3732.7, -570, "B", "SMD", "$1N48013", "", "O", 23.7, 77.6, 0, 90],
		[224, "U3_10", 3732.7, -620, "B", "SMD", "$1N57025", "", "O", 23.7, 77.6, 0, 90],
		[225, "U3_11", 3732.7, -670, "B", "SMD", "$1N2305", "", "O", 23.7, 77.6, 0, 90],
		[226, "U3_12", 3732.7, -720, "B", "SMD", "$1N2303", "", "O", 23.7, 77.6, 0, 90],
		[227, "U3_13", 3732.7, -770, "B", "SMD", "$1N2302", "", "O", 23.7, 77.6, 0, 90],
		[228, "U3_14", 3732.7, -820, "B", "SMD", "$1N47985", "", "O", 23.7, 77.6, 0, 90],
		[229, "U3_15", 3732.7, -870, "B", "SMD", "$1N46581", "", "O", 23.7, 77.6, 0, 90],
		[230, "U3_16", 3732.7, -920, "B", "SMD", "$1N56731", "", "O", 23.7, 77.6, 0, 90],
		[231, "U4_1", 4652.3, -920, "B", "SMD", "$1N47562", "", "O", 23.7, 77.6, 0, 90],
		[232, "U4_2", 4652.3, -870, "B", "SMD", "$1N47561", "", "O", 23.7, 77.6, 0, 90],
		[233, "U4_3", 4652.3, -820, "B", "SMD", "$1N47564", "", "O", 23.7, 77.6, 0, 90],
		[234, "U4_4", 4652.3, -770, "B", "SMD", "$1N47560", "", "O", 23.7, 77.6, 0, 90],
		[235, "U4_5", 4652.3, -720, "B", "SMD", "$1N47565", "", "O", 23.7, 77.6, 0, 90],
		[236, "U4_6", 4652.3, -670, "B", "SMD", "$1N47563", "", "O", 23.7, 77.6, 0, 90],
		[237, "U4_7", 4652.3, -620, "B", "SMD", "$1N47559", "", "O", 23.7, 77.6, 0, 90],
		[238, "U4_8", 4652.3, -570, "B", "SMD", "GND", "GND", "O", 23.7, 77.6, 0, 90],
		[239, "U4_9", 4867.7, -570, "B", "SMD", "U4_9", "", "O", 23.7, 77.6, 0, 90],
		[240, "U4_10", 4867.7, -620, "B", "SMD", "$1N53020", "", "O", 23.7, 77.6, 0, 90],
		[241, "U4_11", 4867.7, -670, "B", "SMD", "$1N2305", "", "O", 23.7, 77.6, 0, 90],
		[242, "U4_12", 4867.7, -720, "B", "SMD", "$1N2303", "", "O", 23.7, 77.6, 0, 90],
		[243, "U4_13", 4867.7, -770, "B", "SMD", "$1N2302", "", "O", 23.7, 77.6, 0, 90],
		[244, "U4_14", 4867.7, -820, "B", "SMD", "$1N48013", "", "O", 23.7, 77.6, 0, 90],
		[245, "U4_15", 4867.7, -870, "B", "SMD", "$1N47566", "", "O", 23.7, 77.6, 0, 90],
		[246, "U4_16", 4867.7, -920, "B", "SMD", "$1N56731", "", "O", 23.7, 77.6, 0, 90]
	]
}
}